{"cameraMode":{"drawMode":0,"name":"Shaded","section":"Shading Mode"},"sceneLighting":false,"audioPlay":false,"sceneViewState":{"showFog":true,"showMaterialUpdate":false,"showSkybox":true,"showFlares":true,"showImageEffects":true,"showParticleSystems":true},"in2DMode":false,"pivot":{"x":0.25,"y":1.6299999952316285,"z":-1.3899999856948853},"rotation":{"x":-0.09187356382608414,"y":0.8998959064483643,"z":-0.23055750131607057,"w":-0.3585944175720215},"size":1.4289418458938599,"orthographic":false}