{"cameraMode":{"drawMode":0,"name":"Shaded","section":"Shading Mode"},"sceneLighting":false,"audioPlay":false,"sceneViewState":{"showFog":true,"showMaterialUpdate":false,"showSkybox":true,"showFlares":true,"showImageEffects":true,"showParticleSystems":true},"in2DMode":false,"pivot":{"x":-1.151977777481079,"y":0.045223236083984378,"z":6.568531036376953},"rotation":{"x":-0.2303619235754013,"y":0.020434672012925149,"z":-0.004838487133383751,"w":-0.9728784561157227},"size":9.286900520324707,"orthographic":false}