{"cameraMode":{"drawMode":0,"name":"Shaded","section":"Shading Mode"},"sceneLighting":false,"audioPlay":false,"sceneViewState":{"showFog":true,"showMaterialUpdate":false,"showSkybox":true,"showFlares":true,"showImageEffects":true,"showParticleSystems":true},"in2DMode":false,"pivot":{"x":0.25,"y":1.6299999952316285,"z":-1.3899999856948853},"rotation":{"x":-0.2303619235754013,"y":0.020434672012925149,"z":-0.004838487133383751,"w":-0.9728784561157227},"size":1.4289418458938599,"orthographic":false}